{"cameraMode":{"drawMode":0,"name":"Shaded","section":"Shading Mode"},"sceneLighting":true,"audioPlay":false,"sceneViewState":{"showFog":false,"showMaterialUpdate":false,"showSkybox":false,"showFlares":false,"showImageEffects":false,"showParticleSystems":false},"in2DMode":false,"pivot":{"x":-0.8077991008758545,"y":0.1556929349899292,"z":-0.5293954610824585},"rotation":{"x":-0.3854283094406128,"y":0.10511616617441178,"z":-0.04424832761287689,"w":-0.9156805276870728},"size":0.8563668131828308,"orthographic":false}